Id,Target Name,Target Ra,Target Dec,Target Rotation,Filename,dateTime,Temperature,Duration,Filter,HFR,Stars,Median,Mean,StDev,MAD,Rms,Rms Ra,Rms Dec,Rms Total,Rms Scale,Rotator Position,Rotator MechanicalPosition,Focuser Position,AutoFocus Old Position,AutoFocus New Position,AutoFocus Time,AutoFocus Filter
13,M 33 - Triangulum galaxy,1.56414,30.659941669444443,35,0000_120.00s_2023-10-13_22-49-01_ L2_-5.30.fits,10/13/2023 22:51:03,21.760000228881836,120,L2,2.3341691558089517,1169,2680,2639.0402638261426,779.8306494007486,120,"Tot: 0.38 (0.90"")",0.2321358404861415,0.30368872999523777,0.38224847045387605,2.34392,0,0,18667,0,0,01/01/0001 00:00:00,
14,M 33 - Triangulum galaxy,1.56414,30.659941669444443,35,0001_120.00s_2023-10-13_22-51-03_ L2_-4.90.fits,10/13/2023 22:53:04,21.729999542236328,120,L2,2.3268789605881284,1163,2672,2633.135372172314,775.22525747769294,120,"Tot: 0.33 (0.78"")",0.27077833335769724,0.19015262396113694,0.33087599824598607,2.34392,0,0,18667,0,0,01/01/0001 00:00:00,
15,M 33 - Triangulum galaxy,1.56414,30.659941669444443,35,0002_120.00s_2023-10-13_22-53-04_ L2_-4.90.fits,10/13/2023 22:55:06,21.719999313354492,120,L2,2.3790823657495732,1152,2668,2629.1553007396383,787.04768549443588,116,"Tot: 0.40 (0.93"")",0.3055509020321146,0.254449895983418,0.3976255817960046,2.34392,0,0,18667,0,0,01/01/0001 00:00:00,
16,M 33 - Triangulum galaxy,1.56414,30.659941669444443,35,0003_120.00s_2023-10-13_22-55-06_ L2_-4.90.fits,10/13/2023 22:57:07,21.649999618530273,120,L2,2.3737440817867324,1171,2664,2626.3899548911068,785.63091048264607,120,"Tot: 0.38 (0.89"")",0.23094686494317981,0.30391330700889579,0.38170636961434989,2.34392,0,0,18667,0,0,01/01/0001 00:00:00,
17,M 33 - Triangulum galaxy,1.56414,30.659941669444443,35,0004_120.00s_2023-10-13_22-57-07_ L2_-4.90.fits,10/13/2023 22:59:09,21.6299991607666,120,L2,2.3777821270103594,1177,2660,2622.483394399766,787.5580342648816,116,"Tot: 0.37 (0.88"")",0.28617029977061081,0.24114824910076366,0.3742270948437128,2.34392,0,0,18667,0,0,01/01/0001 00:00:00,
18,M 33 - Triangulum galaxy,1.56414,30.659941669444443,35,0005_120.00s_2023-10-13_22-59-26_ L2_-4.90.fits,10/13/2023 23:01:27,21.610000610351563,120,L2,2.3693377326780189,1201,2652,2615.3420942457087,782.17417874504883,116,"Tot: 0.42 (0.99"")",0.29042066891072954,0.30830832035367711,0.42355422950297777,2.34392,0,0,18667,0,0,01/01/0001 00:00:00,
19,M 33 - Triangulum galaxy,1.56414,30.659941669444443,35,0006_120.00s_2023-10-13_23-01-27_ L2_-4.90.fits,10/13/2023 23:03:28,21.590000152587891,120,L2,2.3398831210453261,1142,2652,2613.9268040821016,784.47507291336228,116,"Tot: 0.42 (0.99"")",0.30682944420573127,0.28769095416154988,0.42060717176241891,2.34392,0,0,18667,0,0,01/01/0001 00:00:00,
20,M 33 - Triangulum galaxy,1.56414,30.659941669444443,35,0007_120.00s_2023-10-13_23-03-28_ L2_-4.90.fits,10/13/2023 23:05:30,21.600000381469727,120,L2,2.3592417990830579,1174,2648,2612.5958509258476,783.23357502169654,116,"Tot: 0.34 (0.80"")",0.27675441275547674,0.20135654927670693,0.34225350972086716,2.34392,0,0,18667,0,0,01/01/0001 00:00:00,
21,M 33 - Triangulum galaxy,1.56414,30.659941669444443,35,0008_120.00s_2023-10-13_23-05-30_ L2_-5.30.fits,10/13/2023 23:07:31,21.559999465942383,120,L2,2.3717192961514142,1187,2636,2601.7260931073829,786.748220614741,112,"Tot: 0.51 (1.20"")",0.28130065722558389,0.42622512047895234,0.51068377013847122,2.34392,0,0,18667,0,0,01/01/0001 00:00:00,
22,M 33 - Triangulum galaxy,1.56414,30.659941669444443,35,0009_120.00s_2023-10-13_23-07-31_ L2_-4.90.fits,10/13/2023 23:09:33,21.559999465942383,120,L2,2.3716254094368612,1223,2632,2596.6368542532609,784.603581026125,112,"Tot: 0.41 (0.95"")",0.26326411904863106,0.31032071495385277,0.40694832903935374,2.34392,0,0,18667,0,0,01/01/0001 00:00:00,
23,M 33 - Triangulum galaxy,1.56414,30.659941669444443,35,0010_120.00s_2023-10-13_23-10-06_ L2_-5.30.fits,10/13/2023 23:12:07,21.559999465942383,120,L2,2.3420520550228519,1200,2628,2593.5890257600922,778.15665522073709,112,"Tot: 0.41 (0.97"")",0.24580094041467171,0.33188953803861293,0.41299971884762937,2.34392,0,0,18667,0,0,01/01/0001 00:00:00,
24,M 33 - Triangulum galaxy,1.56414,30.659941669444443,35,0011_120.00s_2023-10-13_23-12-08_ L2_-4.90.fits,10/13/2023 23:14:09,21.540000915527344,120,L2,2.3556591204195141,1208,2624,2589.8267107722281,782.94142459166881,112,"Tot: 0.34 (0.80"")",0.26933361695529617,0.20707455967329472,0.3397358834243317,2.34392,0,0,18667,0,0,01/01/0001 00:00:00,
25,M 33 - Triangulum galaxy,1.56414,30.659941669444443,35,0012_120.00s_2023-10-13_23-14-09_ L2_-5.30.fits,10/13/2023 23:16:10,21.530000686645508,120,L2,2.350399611471818,1184,2600,2566.8183785562419,780.33860093491114,108,"Tot: 0.32 (0.74"")",0.20039513253671909,0.24320024927913642,0.31512627690156736,2.34392,0,0,18667,0,0,01/01/0001 00:00:00,
26,M 33 - Triangulum galaxy,1.56414,30.659941669444443,35,0013_120.00s_2023-10-13_23-16-10_ L2_-4.90.fits,10/13/2023 23:18:12,21.549999237060547,120,L2,2.3743934117091894,1210,2600,2565.479647638932,781.58039010491609,104,"Tot: 0.37 (0.88"")",0.2684785073670935,0.26163017865832966,0.37487472481197232,2.34392,0,0,18667,0,0,01/01/0001 00:00:00,
27,M 33 - Triangulum galaxy,1.56414,30.659941669444443,35,0014_120.00s_2023-10-13_23-18-12_ L2_-4.90.fits,10/13/2023 23:20:13,21.5,120,L2,2.3606611780308562,1236,2600,2567.0034803077856,777.18791616536839,108,"Tot: 0.35 (0.82"")",0.2815892945691868,0.21078563257325098,0.35174296540979721,2.34392,0,0,18667,0,0,01/01/0001 00:00:00,
28,M 33 - Triangulum galaxy,1.56414,30.659941669444443,35,0015_120.00s_2023-10-13_23-20-27_ L2_-5.30.fits,10/13/2023 23:22:28,21.530000686645508,120,L2,2.391310934084542,1211,2600,2567.2299062249454,791.53755860179467,104,"Tot: 0.52 (1.22"")",0.32640418772101371,0.40455421626049076,0.51981131928417512,2.34392,0,0,18667,0,0,01/01/0001 00:00:00,
29,M 33 - Triangulum galaxy,1.56414,30.659941669444443,35,0016_120.00s_2023-10-13_23-22-29_ L2_-4.90.fits,10/13/2023 23:24:30,21.5,120,L2,2.3533189586076215,1144,2596,2561.6959072948621,783.75543338909324,104,"Tot: 0.40 (0.93"")",0.26580250465394006,0.2943522970608019,0.39660338660339045,2.34392,0,0,18667,0,0,01/01/0001 00:00:00,
30,M 33 - Triangulum galaxy,1.56414,30.659941669444443,35,0017_120.00s_2023-10-13_23-24-30_ L2_-4.90.fits,10/13/2023 23:26:31,21.5,120,L2,2.4713087206148026,1224,2592,2559.1301409362181,795.24531836375888,104,"Tot: 0.48 (1.13"")",0.30907876522746014,0.37046451088499732,0.48246620289901315,2.34392,0,0,18667,0,0,01/01/0001 00:00:00,
31,M 33 - Triangulum galaxy,1.56414,30.659941669444443,35,0018_120.00s_2023-10-13_23-26-32_ L2_-4.90.fits,10/13/2023 23:28:33,21.5,120,L2,2.4213055569882194,1209,2584,2555.0644491433827,792.49607412525359,104,"Tot: 0.51 (1.20"")",0.28061896760488014,0.42571328475260012,0.50988116830735886,2.34392,0,0,18667,0,0,01/01/0001 00:00:00,
32,M 33 - Triangulum galaxy,1.56414,30.659941669444443,35,0019_120.00s_2023-10-13_23-28-33_ L2_-5.30.fits,10/13/2023 23:30:34,21.479999542236328,120,L2,2.3709292081850672,1125,2576,2547.2394229427364,789.15167437134755,104,"Tot: 0.39 (0.90"")",0.26466996112235142,0.28028147754461913,0.38549694548089725,2.34392,0,0,18667,0,0,01/01/0001 00:00:00,
33,M 33 - Triangulum galaxy,1.56414,30.659941669444443,35,0020_120.00s_2023-10-13_23-31-15_ L2_-4.90.fits,10/13/2023 23:33:17,21.540000915527344,120,L2,2.3468437153535011,1120,2564,2536.4632872849561,781.56823707225351,104,"Tot: 0.37 (0.87"")",0.29952853854876788,0.22059747052450709,0.37199541584134005,2.34392,0,0,18667,0,0,01/01/0001 00:00:00,
34,M 33 - Triangulum galaxy,1.56414,30.659941669444443,35,0021_120.00s_2023-10-13_23-33-17_ L2_-4.90.fits,10/13/2023 23:35:18,21.520000457763672,120,L2,2.3160639278421149,1127,2560,2531.9228992964818,775.78057940121266,104,"Tot: 0.31 (0.72"")",0.2629525959338172,0.15696580483942635,0.30623901057380365,2.34392,0,0,18667,0,0,01/01/0001 00:00:00,
35,M 33 - Triangulum galaxy,1.56414,30.659941669444443,35,0022_120.00s_2023-10-13_23-35-18_ L2_-5.30.fits,10/13/2023 23:37:19,21.540000915527344,120,L2,2.6558100667438231,1221,2552,2527.9056523618892,794.10026023201453,104,"Tot: 1.16 (2.73"")",1.1333898212502085,0.26946703685352175,1.164982819986714,2.34392,0,0,18667,0,0,01/01/0001 00:00:00,
36,M 33 - Triangulum galaxy,1.56414,30.659941669444443,35,0023_120.00s_2023-10-13_23-37-20_ L2_-4.90.fits,10/13/2023 23:39:21,21.510000228881836,120,L2,2.3585272805680213,1121,2552,2524.3754207153393,781.49152722890244,104,"Tot: 0.37 (0.87"")",0.25275396489925767,0.27312770183926122,0.37213345493826749,2.34392,0,0,18667,0,0,01/01/0001 00:00:00,
37,M 33 - Triangulum galaxy,1.56414,30.659941669444443,35,0024_120.00s_2023-10-13_23-39-21_ L2_-4.90.fits,10/13/2023 23:41:22,21.540000915527344,120,L2,2.3784861991035364,1172,2552,2523.9812891128449,786.09102760570988,104,"Tot: 0.34 (0.79"")",0.30384011009081735,0.1494118097370114,0.33858928126697824,2.34392,0,0,18667,0,0,01/01/0001 00:00:00,
38,M 33 - Triangulum galaxy,1.56414,30.659941669444443,35,0025_120.00s_2023-10-13_23-41-49_ L2_-5.30.fits,10/13/2023 23:43:50,21.579999923706055,120,L2,2.4281921783687737,1268,2544,2520.2186153197845,792.09891956395609,104,"Tot: 0.46 (1.09"")",0.27944387474201043,0.37025249725661852,0.46387044619763257,2.34392,0,0,18667,0,0,01/01/0001 00:00:00,
39,M 33 - Triangulum galaxy,1.56414,30.659941669444443,35,0026_120.00s_2023-10-13_23-43-51_ L2_-4.90.fits,10/13/2023 23:45:52,21.600000381469727,120,L2,2.3560747663072168,1247,2540,2513.9877503427292,785.39912436489635,100,"Tot: 0.36 (0.83"")",0.2933608415132008,0.20055692856947679,0.35536413005613771,2.34392,0,0,18667,0,0,01/01/0001 00:00:00,
40,M 33 - Triangulum galaxy,1.56414,30.659941669444443,35,0027_120.00s_2023-10-13_23-45-52_ L2_-4.90.fits,10/13/2023 23:47:53,21.6200008392334,120,L2,2.4255900741254233,1278,2536,2513.16068794825,792.61766633307946,104,"Tot: 0.31 (0.74"")",0.25605243654458104,0.18110666746423223,0.31362792487343455,2.34392,0,0,18667,0,0,01/01/0001 00:00:00,
41,M 33 - Triangulum galaxy,1.56414,30.659941669444443,35,0028_120.00s_2023-10-13_23-47-54_ L2_-4.90.fits,10/13/2023 23:49:55,21.649999618530273,120,L2,2.4089948456194721,1261,2532,2507.0849951019159,786.3351292523397,100,"Tot: 0.31 (0.72"")",0.2514894795679003,0.17553243285113687,0.30668973461133681,2.34392,0,0,18667,18667,18667,10/13/2023 23:52:00,L2
52,M 33 - Triangulum galaxy,1.56414,30.659941669444443,35,0029_120.00s_2023-10-13_23-52-00_ L2_-4.90.fits,10/13/2023 23:54:01,21.790000915527344,120,L2,2.390147552794581,1259,2528,2503.5535071241129,783.89255827310171,100,"Tot: 0.34 (0.81"")",0.22267869411968527,0.26343606001917169,0.34494109429476938,2.34392,0,0,18667,0,0,01/01/0001 00:00:00,
53,M 33 - Triangulum galaxy,1.56414,30.659941669444443,35,0030_120.00s_2023-10-13_23-54-43_ L2_-4.90.fits,10/13/2023 23:56:44,21.889999389648438,120,L2,2.3981811005541593,1294,2520,2500.0167861999894,787.54336135957544,104,"Tot: 0.38 (0.90"")",0.23481595231627705,0.30427867043257772,0.3843488529219482,2.34392,0,0,18667,0,0,01/01/0001 00:00:00,
54,M 33 - Triangulum galaxy,1.56414,30.659941669444443,35,0031_120.00s_2023-10-13_23-56-44_ L2_-4.90.fits,10/13/2023 23:58:45,21.979999542236328,120,L2,2.4501694141231676,1294,2520,2500.0160378055489,791.76651881946816,104,"Tot: 0.51 (1.20"")",0.26974627180809835,0.43480142879337524,0.51167893608700465,2.34392,0,0,18667,0,0,01/01/0001 00:00:00,
55,M 33 - Triangulum galaxy,1.56414,30.659941669444443,35,0032_120.00s_2023-10-13_23-58-45_ L2_-4.90.fits,10/14/2023 00:00:47,22.040000915527344,120,L2,2.4246288806120928,1272,2516,2495.9926778428726,787.98561212096388,104,"Tot: 0.34 (0.79"")",0.25973635136850254,0.21515432022252465,0.33727489342172934,2.34392,0,0,18667,0,0,01/01/0001 00:00:00,
56,M 33 - Triangulum galaxy,1.56414,30.659941669444443,35,0033_120.00s_2023-10-14_00-00-47_ L2_-4.90.fits,10/14/2023 00:02:48,22.079999923706055,120,L2,2.4130028282581928,1248,2512,2492.3370784979575,788.65238837936,100,"Tot: 0.42 (0.97"")",0.28188617758204337,0.30502688064760752,0.41533265586686668,2.34392,0,0,18667,0,0,01/01/0001 00:00:00,
57,M 33 - Triangulum galaxy,1.56414,30.659941669444443,35,0034_120.00s_2023-10-14_00-02-48_ L2_-4.90.fits,10/14/2023 00:04:50,22.1200008392334,120,L2,2.3708954233087707,1203,2512,2491.0816936836604,782.31283875007819,104,"Tot: 0.34 (0.80"")",0.19068693338573608,0.28417565930561967,0.342224066812724,2.34392,0,0,18667,0,0,01/01/0001 00:00:00,
58,M 33 - Triangulum galaxy,1.56414,30.659941669444443,35,0035_120.00s_2023-10-14_00-05-04_ L2_-5.30.fits,10/14/2023 00:07:05,22.180000305175781,120,L2,2.3520026536499237,1178,2508,2486.7931069041097,785.27418045052218,100,"Tot: 0.36 (0.85"")",0.25970076278834342,0.25016667689575073,0.3605937498375566,2.34392,0,0,18667,0,0,01/01/0001 00:00:00,
59,M 33 - Triangulum galaxy,1.56414,30.659941669444443,35,0036_120.00s_2023-10-14_00-07-05_ L2_-4.90.fits,10/14/2023 00:09:07,22.260000228881836,120,L2,2.3630384506335771,1187,2504,2484.9738971785391,786.59492778961658,104,"Tot: 0.32 (0.76"")",0.21759218398939095,0.24097290542681674,0.32467568384946005,2.34392,0,0,18667,0,0,01/01/0001 00:00:00,
60,M 33 - Triangulum galaxy,1.56414,30.659941669444443,35,0037_120.00s_2023-10-14_00-09-07_ L2_-4.90.fits,10/14/2023 00:11:08,22.319999694824219,120,L2,2.346212162318849,1210,2504,2483.6674429947816,783.7897310672812,100,"Tot: 0.34 (0.79"")",0.29056971024251077,0.17017267450829329,0.33673356776496488,2.34392,0,0,18667,0,0,01/01/0001 00:00:00,
61,M 33 - Triangulum galaxy,1.56414,30.659941669444443,35,0038_120.00s_2023-10-14_00-11-08_ L2_-4.90.fits,10/14/2023 00:13:10,22.389999389648438,120,L2,2.3469134430021108,1195,2504,2482.7965475346764,782.496909690189,100,"Tot: 0.27 (0.63"")",0.22479954754766954,0.14362220006423165,0.26676239039438659,2.34392,0,0,18667,0,0,01/01/0001 00:00:00,
62,M 33 - Triangulum galaxy,1.56414,30.659941669444443,35,0039_120.00s_2023-10-14_00-13-10_ L2_-4.90.fits,10/14/2023 00:15:11,22.469999313354492,120,L2,2.3937987080999803,1226,2504,2483.3880839050044,787.11626469524811,100,"Tot: 0.27 (0.63"")",0.23603330898744312,0.12831497715977236,0.26865676301756242,2.34392,0,0,18667,0,0,01/01/0001 00:00:00,
63,M 33 - Triangulum galaxy,1.56414,30.659941669444443,35,0040_120.00s_2023-10-14_00-15-43_ L2_-4.90.fits,10/14/2023 00:17:44,22.540000915527344,120,L2,2.3620633503478632,1254,2508,2488.4324009642933,775.280377752232,104,"Tot: 0.30 (0.69"")",0.24680710931370342,0.1639527584908215,0.29630095549042024,2.34392,0,0,18667,0,0,01/01/0001 00:00:00,
64,M 33 - Triangulum galaxy,1.56414,30.659941669444443,35,0041_120.00s_2023-10-14_00-17-44_ L2_-4.90.fits,10/14/2023 00:19:46,22.590000152587891,120,L2,2.4153607496248584,1279,2508,2488.3746377743541,785.51511329080517,104,"Tot: 0.28 (0.65"")",0.23421379178096383,0.15235242033731822,0.27940536903047442,2.34392,0,0,18667,0,0,01/01/0001 00:00:00,
65,M 33 - Triangulum galaxy,1.56414,30.659941669444443,35,0042_120.00s_2023-10-14_00-19-46_ L2_-4.90.fits,10/14/2023 00:21:47,22.649999618530273,120,L2,2.3926860046154603,1246,2508,2487.819272661849,777.78305951869061,104,"Tot: 0.32 (0.74"")",0.2409223148499664,0.20496814004542369,0.3163155074073144,2.34392,0,0,18667,0,0,01/01/0001 00:00:00,
66,M 33 - Triangulum galaxy,1.56414,30.659941669444443,35,0043_120.00s_2023-10-14_00-21-47_ L2_-4.90.fits,10/14/2023 00:23:49,22.729999542236328,120,L2,2.3547242643537372,1235,2508,2486.5994290585008,776.07885295123367,104,"Tot: 0.35 (0.82"")",0.28642327361209091,0.20255053274670057,0.35080622854025684,2.34392,0,0,18667,18667,18663,10/14/2023 00:25:50,L2
77,M 33 - Triangulum galaxy,1.56414,30.659941669444443,35,0044_120.00s_2023-10-14_00-25-50_ L2_-5.30.fits,10/14/2023 00:27:51,22.8799991607666,120,L2,2.3615800411792467,1228,2508,2485.7346305503643,782.84396992737607,100,"Tot: 0.36 (0.85"")",0.2866490307074101,0.21957035590254512,0.36108005760034445,2.34392,0,0,18663,0,0,01/01/0001 00:00:00,
78,M 33 - Triangulum galaxy,1.56414,30.659941669444443,35,0045_120.00s_2023-10-14_00-28-18_ L2_-5.30.fits,10/14/2023 00:30:20,22.959999084472656,120,L2,2.3508046427422431,1174,2508,2487.501749218085,777.73884046066837,104,"Tot: 0.29 (0.68"")",0.25597050212706873,0.13482180072545319,0.28930574814551735,2.34392,0,0,18663,0,0,01/01/0001 00:00:00,
79,M 33 - Triangulum galaxy,1.56414,30.659941669444443,35,0046_120.00s_2023-10-14_00-30-20_ L2_-4.90.fits,10/14/2023 00:32:21,23.020000457763672,120,L2,2.2966689785475469,1110,2508,2486.292479251551,772.9086518619539,100,"Tot: 0.35 (0.83"")",0.27047374945859182,0.22763253230282993,0.35351466576195678,2.34392,0,0,18663,0,0,01/01/0001 00:00:00,
80,M 33 - Triangulum galaxy,1.56414,30.659941669444443,35,0047_120.00s_2023-10-14_00-32-21_ L2_-5.30.fits,10/14/2023 00:34:23,23.090000152587891,120,L2,2.3403481262928616,1150,2508,2485.489386343922,778.95466889211991,100,"Tot: 0.35 (0.83"")",0.32225110952899716,0.14249057927166453,0.35234832591321369,2.34392,0,0,18663,0,0,01/01/0001 00:00:00,
81,M 33 - Triangulum galaxy,1.56414,30.659941669444443,35,0048_120.00s_2023-10-14_00-34-23_ L2_-4.90.fits,10/14/2023 00:36:24,23.159999847412109,120,L2,2.3823139953403705,1175,2508,2485.3638308628565,784.55824191743375,100,"Tot: 0.35 (0.83"")",0.27635587563864095,0.22179408828911559,0.35435178509498155,2.34392,0,0,18663,0,0,01/01/0001 00:00:00,
82,M 33 - Triangulum galaxy,1.56414,30.659941669444443,35,0049_120.00s_2023-10-14_00-36-24_ L2_-4.90.fits,10/14/2023 00:38:25,23.200000762939453,120,L2,2.3463490503028659,1134,2500,2477.3762816425819,777.89136175244914,100,"Tot: 0.38 (0.89"")",0.34505539336430596,0.1549069503453803,0.37823192323639482,2.34392,0,0,18663,0,0,01/01/0001 00:00:00,
83,M 33 - Triangulum galaxy,1.56414,30.659941669444443,35,0050_120.00s_2023-10-14_00-38-58_ L2_-5.30.fits,10/14/2023 00:41:00,23.280000686645508,120,L2,2.3123638746804178,1231,2492,2471.8962676734645,773.00140452152152,100,"Tot: 0.33 (0.76"")",0.27467315171833862,0.17393034792945758,0.32511091369830641,2.34392,0,0,18663,0,0,01/01/0001 00:00:00,
84,M 33 - Triangulum galaxy,1.56414,30.659941669444443,35,0051_120.00s_2023-10-14_00-41-00_ L2_-4.90.fits,10/14/2023 00:43:01,23.309999465942383,120,L2,2.2991599965565754,1250,2492,2470.7291561202796,771.71097918690828,100,"Tot: 0.29 (0.68"")",0.25058615205154494,0.14593031761769043,0.28998116697468473,2.34392,0,0,18663,0,0,01/01/0001 00:00:00,
85,M 33 - Triangulum galaxy,1.56414,30.659941669444443,35,0052_120.00s_2023-10-14_00-43-01_ L2_-4.90.fits,10/14/2023 00:45:03,23.360000610351563,120,L2,2.332299745146635,1224,2492,2470.5052462860754,772.95900576938129,100,"Tot: 0.27 (0.64"")",0.23825393758658059,0.12937059694382902,0.27111195128417503,2.34392,0,0,18663,0,0,01/01/0001 00:00:00,
86,M 33 - Triangulum galaxy,1.56414,30.659941669444443,35,0053_120.00s_2023-10-14_00-45-03_ L2_-4.90.fits,10/14/2023 00:47:04,23.440000534057617,120,L2,2.3478479577123048,1224,2488,2467.5623705359708,773.65382385251291,96,"Tot: 0.31 (0.72"")",0.27746631360462387,0.13071462505332815,0.30671463673612259,2.34392,0,0,18663,0,0,01/01/0001 00:00:00,
87,M 33 - Triangulum galaxy,1.56414,30.659941669444443,35,0054_120.00s_2023-10-14_00-47-04_ L2_-4.90.fits,10/14/2023 00:49:06,23.5,120,L2,2.2879908445674828,1195,2484,2464.1825586470341,765.83751577912813,96,"Tot: 0.24 (0.57"")",0.21233014379149184,0.11954643214138294,0.24367076024884454,2.34392,0,0,18663,0,0,01/01/0001 00:00:00,
88,M 33 - Triangulum galaxy,1.56414,30.659941669444443,35,0055_120.00s_2023-10-14_00-49-23_ L2_-4.90.fits,10/14/2023 00:51:24,23.559999465942383,120,L2,2.3424184711520022,1247,2480,2461.5770487126797,776.40563763097475,96,"Tot: 0.43 (1.01"")",0.29565159403633628,0.31329282734922526,0.4307693822971847,2.34392,0,0,18663,0,0,01/01/0001 00:00:00,
89,M 33 - Triangulum galaxy,1.56414,30.659941669444443,35,0056_120.00s_2023-10-14_00-51-24_ L2_-4.90.fits,10/14/2023 00:53:25,23.700000762939453,120,L2,2.3175330799325917,1217,2480,2460.318090212314,776.03628763095139,96,"Tot: 0.36 (0.85"")",0.27359725155778697,0.2390979246585172,0.36335007036738676,2.34392,0,0,18663,0,0,01/01/0001 00:00:00,
90,M 33 - Triangulum galaxy,1.56414,30.659941669444443,35,0057_120.00s_2023-10-14_00-53-25_ L2_-4.90.fits,10/14/2023 00:55:27,24.079999923706055,120,L2,2.3181888218092723,1219,2480,2460.6574371526535,776.35864520325208,96,"Tot: 0.33 (0.77"")",0.26001682714778285,0.19944525464397495,0.32769980164778861,2.34392,0,0,18663,18663,18658,10/14/2023 00:57:29,L2
101,M 33 - Triangulum galaxy,1.56414,30.659941669444443,35,0058_120.00s_2023-10-14_00-57-29_ L2_-5.30.fits,10/14/2023 00:59:30,24.450000762939453,120,L2,2.35262314201101,1274,2480,2461.0783334336666,778.97368365766386,96,"Tot: 0.40 (0.95"")",0.36008808793181052,0.18478435488224143,0.40473286113143009,2.34392,0,0,18658,0,0,01/01/0001 00:00:00,
102,M 33 - Triangulum galaxy,1.56414,30.659941669444443,35,0059_120.00s_2023-10-14_00-59-30_ L2_-4.90.fits,10/14/2023 01:01:32,24.5,120,L2,2.3348890707627543,1222,2480,2459.7964897290731,778.17701854845325,96,"Tot: 0.34 (0.79"")",0.242131121949609,0.23710840488787285,0.33889213016098185,2.34392,0,0,18658,0,0,01/01/0001 00:00:00,
103,M 33 - Triangulum galaxy,1.56414,30.659941669444443,35,0060_120.00s_2023-10-14_01-02-05_ L2_-5.30.fits,10/14/2023 01:04:07,24.540000915527344,120,L2,2.349538437041419,1258,2480,2462.5892703222612,783.87850105196185,96,"Tot: 0.40 (0.94"")",0.32682276245016278,0.23176036774124165,0.4006569431709765,2.34392,0,0,18658,0,0,01/01/0001 00:00:00,
104,M 33 - Triangulum galaxy,1.56414,30.659941669444443,35,0061_120.00s_2023-10-14_01-04-07_ L2_-4.90.fits,10/14/2023 01:06:08,24.549999237060547,120,L2,2.30191097688165,1221,2476,2458.2425635998457,776.54840450251947,96,"Tot: 0.26 (0.61"")",0.21161403692746772,0.15220891406013945,0.26066847554721034,2.34392,0,0,18658,0,0,01/01/0001 00:00:00,
105,M 33 - Triangulum galaxy,1.56414,30.659941669444443,35,0062_120.00s_2023-10-14_01-06-08_ L2_-5.30.fits,10/14/2023 01:08:09,24.559999465942383,120,L2,2.3251567308244732,1220,2476,2455.3514272853395,776.96254468845416,96,"Tot: 0.28 (0.65"")",0.23461801613341071,0.14996189992318532,0.27844960930651136,2.34392,0,0,18658,0,0,01/01/0001 00:00:00,
106,M 33 - Triangulum galaxy,1.56414,30.659941669444443,35,0063_120.00s_2023-10-14_01-08-09_ L2_-4.90.fits,10/14/2023 01:10:11,24.590000152587891,120,L2,2.4179281320307928,1239,2472,2455.5636142115591,788.53785295831824,96,"Tot: 0.38 (0.89"")",0.26068145406120063,0.27660418932297537,0.38008511946994483,2.34392,0,0,18658,0,0,01/01/0001 00:00:00,
107,M 33 - Triangulum galaxy,1.56414,30.659941669444443,35,0064_120.00s_2023-10-14_01-10-11_ L2_-4.90.fits,10/14/2023 01:12:12,24.569999694824219,120,L2,2.4596120835870776,1217,2472,2455.16477093931,795.45268250125616,96,"Tot: 0.52 (1.21"")",0.3669343057309063,0.36471842675682326,0.51735898130620528,2.34392,0,0,18658,0,0,01/01/0001 00:00:00,
108,M 33 - Triangulum galaxy,1.56414,30.659941669444443,35,0065_120.00s_2023-10-14_01-12-40_ L2_-5.30.fits,10/14/2023 01:14:42,24.579999923706055,120,L2,2.4001813450287806,1245,2468,2451.3519280392065,785.971323146178,96,"Tot: 0.48 (1.11"")",0.33657636925926632,0.33566401787994127,0.47534617411214697,2.34392,0,0,18658,0,0,01/01/0001 00:00:00,
109,M 33 - Triangulum galaxy,1.56414,30.659941669444443,35,0066_120.00s_2023-10-14_01-14-42_ L2_-4.90.fits,10/14/2023 01:16:43,24.590000152587891,120,L2,2.371892985917802,1232,2464,2447.1543098352986,781.2216483839419,96,"Tot: 0.31 (0.74"")",0.2631822903442666,0.17243117405964764,0.31463856683255209,2.34392,0,0,18658,0,0,01/01/0001 00:00:00,
110,M 33 - Triangulum galaxy,1.56414,30.659941669444443,35,0067_120.00s_2023-10-14_01-16-43_ L2_-4.90.fits,10/14/2023 01:18:45,24.549999237060547,120,L2,2.3838571275756433,1299,2460,2444.3566722032351,780.36001887882219,96,"Tot: 0.40 (0.93"")",0.35458710377108504,0.18115117334746828,0.39818056427446424,2.34392,0,0,18658,0,0,01/01/0001 00:00:00,
111,M 33 - Triangulum galaxy,1.56414,30.659941669444443,35,0068_120.00s_2023-10-14_01-18-45_ L2_-4.90.fits,10/14/2023 01:20:46,24.569999694824219,120,L2,2.3742479381998209,1269,2460,2443.9113764848171,779.64596538401861,96,"Tot: 0.29 (0.69"")",0.26792521972607297,0.11935030286444981,0.2933060145293655,2.34392,0,0,18658,0,0,01/01/0001 00:00:00,
112,M 33 - Triangulum galaxy,1.56414,30.659941669444443,35,0069_120.00s_2023-10-14_01-20-46_ L2_-4.90.fits,10/14/2023 01:22:48,24.540000915527344,120,L2,2.3928680510075844,1231,2460,2442.9732565282707,785.6461202292212,92,"Tot: 0.44 (1.03"")",0.35992640508334234,0.25276345384271953,0.4398140296474396,2.34392,0,0,18658,0,0,01/01/0001 00:00:00,
113,M 33 - Triangulum galaxy,1.56414,30.659941669444443,35,0070_120.00s_2023-10-14_01-23-05_ L2_-5.30.fits,10/14/2023 01:25:06,24.520000457763672,120,L2,2.3574757847851955,1245,2460,2442.0859107563574,775.17633151391078,92,"Tot: 0.32 (0.76"")",0.25947672007951633,0.19383713005060652,0.3238842405080547,2.34392,0,0,18658,0,0,01/01/0001 00:00:00,
114,M 33 - Triangulum galaxy,1.56414,30.659941669444443,35,0071_120.00s_2023-10-14_01-25-06_ L2_-5.30.fits,10/14/2023 01:27:08,24.520000457763672,120,L2,2.3578558953967268,1270,2456,2441.2370881436259,779.36649826556163,96,"Tot: 0.35 (0.83"")",0.27933748597420172,0.21652035790987662,0.35342679080653805,2.34392,0,0,18658,0,0,01/01/0001 00:00:00,
115,M 33 - Triangulum galaxy,1.56414,30.659941669444443,35,0072_120.00s_2023-10-14_01-27-08_ L2_-4.90.fits,10/14/2023 01:29:09,24.520000457763672,120,L2,2.3709144136176779,1248,2460,2441.5312167361244,777.51828189055777,92,"Tot: 0.26 (0.62"")",0.22320703638373945,0.13929904548597161,0.26310759237337633,2.34392,0,0,18658,0,0,01/01/0001 00:00:00,
116,M 33 - Triangulum galaxy,1.56414,30.659941669444443,35,0073_120.00s_2023-10-14_01-29-09_ L2_-4.90.fits,10/14/2023 01:31:11,24.510000228881836,120,L2,2.3741730143741018,1283,2456,2439.2395173471537,780.88742413001989,92,"Tot: 0.30 (0.71"")",0.23974070923285756,0.18510857941334902,0.30288742766232751,2.34392,0,0,18658,0,0,01/01/0001 00:00:00,
117,M 33 - Triangulum galaxy,1.56414,30.659941669444443,35,0074_120.00s_2023-10-14_01-31-11_ L2_-4.90.fits,10/14/2023 01:33:12,24.5,120,L2,2.3733684288245418,1323,2456,2439.467785518636,783.92100466259171,92,"Tot: 0.36 (0.85"")",0.30368788093957749,0.19752609473381319,0.36227460182900256,2.34392,0,0,18658,0,0,01/01/0001 00:00:00,
118,M 33 - Triangulum galaxy,1.56414,30.659941669444443,35,0075_120.00s_2023-10-14_01-33-27_ L2_-5.30.fits,10/14/2023 01:35:29,24.479999542236328,120,L2,2.4352065508502263,1293,2460,2443.2867773615471,790.91715081800987,92,"Tot: 0.32 (0.76"")",0.22368925536429118,0.23294803355904384,0.322957689650605,2.34392,0,0,18658,0,0,01/01/0001 00:00:00,
119,M 33 - Triangulum galaxy,1.56414,30.659941669444443,35,0076_120.00s_2023-10-14_01-35-29_ L2_-5.30.fits,10/14/2023 01:37:30,24.459999084472656,120,L2,2.4048932622252344,1280,2460,2444.0443129547489,787.43714567841425,92,"Tot: 0.31 (0.72"")",0.27424457295921889,0.137738009521599,0.30689060765125481,2.34392,0,0,18658,0,0,01/01/0001 00:00:00,
120,M 33 - Triangulum galaxy,1.56414,30.659941669444443,35,0077_120.00s_2023-10-14_01-37-30_ L2_-4.90.fits,10/14/2023 01:39:32,24.430000305175781,120,L2,2.3671446552390756,1307,2460,2442.4569950252976,780.92126576722046,92,"Tot: 0.28 (0.65"")",0.19803052794960685,0.19197083111764662,0.27580589188775506,2.34392,0,0,18658,0,0,01/01/0001 00:00:00,
121,M 33 - Triangulum galaxy,1.56414,30.659941669444443,35,0078_120.00s_2023-10-14_01-39-32_ L2_-4.90.fits,10/14/2023 01:41:33,24.430000305175781,120,L2,2.3674185028251218,1293,2460,2441.875589685565,778.51587377381531,92,"Tot: 0.32 (0.75"")",0.27441756731207889,0.16179000020066533,0.31856083471514612,2.34392,0,0,18658,0,0,01/01/0001 00:00:00,
122,M 33 - Triangulum galaxy,1.56414,30.659941669444443,35,0079_120.00s_2023-10-14_01-41-33_ L2_-4.90.fits,10/14/2023 01:43:35,24.399999618530273,120,L2,2.3515408904063855,1303,2460,2442.4605423739017,779.574613649198,92,"Tot: 0.33 (0.77"")",0.26079909559510295,0.19667539118060326,0.32664564555381259,2.34392,0,0,18658,0,0,01/01/0001 00:00:00,
123,M 33 - Triangulum galaxy,1.56414,30.659941669444443,35,0080_120.00s_2023-10-14_01-43-51_ L2_-5.30.fits,10/14/2023 01:45:52,24.3799991607666,120,L2,2.3706684313829847,1313,2460,2441.643491636316,780.48922019747317,92,"Tot: 0.28 (0.65"")",0.2305112131948894,0.15571821751261514,0.27817904787004694,2.34392,0,0,18658,0,0,01/01/0001 00:00:00,
124,M 33 - Triangulum galaxy,1.56414,30.659941669444443,35,0081_120.00s_2023-10-14_01-45-52_ L2_-4.90.fits,10/14/2023 01:47:54,24.329999923706055,120,L2,2.3501704514332569,1282,2460,2441.8712771823157,772.53383917992392,92,"Tot: 0.27 (0.64"")",0.22236634675671849,0.16046491959508802,0.27421849425337314,2.34392,0,0,18658,0,0,01/01/0001 00:00:00,
125,M 33 - Triangulum galaxy,1.56414,30.659941669444443,35,0082_120.00s_2023-10-14_01-47-54_ L2_-4.90.fits,10/14/2023 01:49:55,24.290000915527344,120,L2,2.3419933788457721,1244,2460,2443.1536178782812,771.11258217902969,96,"Tot: 0.31 (0.72"")",0.23065359183651,0.19974002960619419,0.30511827027263816,2.34392,0,0,18658,0,0,01/01/0001 00:00:00,
126,M 33 - Triangulum galaxy,1.56414,30.659941669444443,35,0083_120.00s_2023-10-14_01-49-55_ L2_-5.30.fits,10/14/2023 01:51:56,24.299999237060547,120,L2,2.3702951823923724,1240,2460,2441.7719849418113,775.36706236896589,92,"Tot: 0.30 (0.71"")",0.22710858241139772,0.20024717129752764,0.30278249258762635,2.34392,0,0,18658,0,0,01/01/0001 00:00:00,
127,M 33 - Triangulum galaxy,1.56414,30.659941669444443,35,0084_120.00s_2023-10-14_01-51-56_ L2_-4.90.fits,10/14/2023 01:53:58,24.25,120,L2,2.3614803223470608,1305,2456,2439.4856939682418,779.34953724154559,92,"Tot: 0.33 (0.77"")",0.24741937714790022,0.21674221517369596,0.32892785839246819,2.34392,0,0,18658,0,0,01/01/0001 00:00:00,
128,M 33 - Triangulum galaxy,1.56414,30.659941669444443,35,0085_120.00s_2023-10-14_01-54-23_ L2_-5.30.fits,10/14/2023 01:56:25,23.959999084472656,120,L2,2.3204256312809726,1102,2300,2288.015838393319,646.25980961237792,64,"Tot: 1.36 (3.20"")",0.30314193397830314,1.329261119146026,1.363389216258311,2.34392,0,0,18658,0,0,01/01/0001 00:00:00,
132,M 33 - Triangulum galaxy,1.56414,30.659941669444443,35,0086_120.00s_2023-10-14_02-03-09_ L2_-5.30.fits,10/14/2023 02:05:11,23.389999389648438,120,L2,2.37552654035374,1287,2444,2426.1316486705396,781.48564694260278,88,"Tot: 0.37 (0.88"")",0.28171000824613757,0.24520255390190804,0.37347666752563941,2.34392,0,0,18658,18658,18658,10/14/2023 02:07:11,L2
143,M 33 - Triangulum galaxy,1.56414,30.659941669444443,35,0087_120.00s_2023-10-14_02-07-11_ L2_-5.30.fits,10/14/2023 02:09:13,23.319999694824219,120,L2,2.3625642188720981,1263,2424,2409.744066545537,773.17044562716262,88,"Tot: 0.45 (1.07"")",0.23668531504725232,0.388164440222261,0.45463344686909946,2.34392,0,0,18658,0,0,01/01/0001 00:00:00,
144,M 33 - Triangulum galaxy,1.56414,30.659941669444443,35,0088_120.00s_2023-10-14_02-09-13_ L2_-4.90.fits,10/14/2023 02:11:14,23.229999542236328,120,L2,2.3578670917909919,1297,2424,2408.8759173646663,773.71906440032535,88,"Tot: 0.34 (0.79"")",0.28728248929359967,0.17869296155870432,0.33832292734212943,2.34392,0,0,18658,0,0,01/01/0001 00:00:00,
145,M 33 - Triangulum galaxy,1.56414,30.659941669444443,35,0089_120.00s_2023-10-14_02-11-14_ L2_-4.90.fits,10/14/2023 02:13:15,23.170000076293945,120,L2,2.3498669345612186,1301,2424,2410.8127351559315,772.25862224650245,88,"Tot: 0.37 (0.87"")",0.26766066185415927,0.25484408999245334,0.36957778627548521,2.34392,0,0,18658,0,0,01/01/0001 00:00:00,
146,M 33 - Triangulum galaxy,1.56414,30.659941669444443,35,0090_120.00s_2023-10-14_02-14-15_ L2_-5.30.fits,10/14/2023 02:16:16,23.170000076293945,120,L2,2.3197537806496906,1225,2416,2400.3714068173672,765.45676448804159,84,"Tot: 0.38 (0.89"")",0.23226465361346274,0.30067609336266576,0.37993812975011648,2.34392,0,0,18658,0,0,01/01/0001 00:00:00,
147,M 33 - Triangulum galaxy,1.56414,30.659941669444443,35,0091_120.00s_2023-10-14_02-16-16_ L2_-4.90.fits,10/14/2023 02:18:18,23.110000610351563,120,L2,2.3044961768601153,1252,2412,2398.0830242386764,766.62194739758274,84,"Tot: 0.34 (0.79"")",0.24634255227472279,0.23119222895791489,0.33783797861068471,2.34392,0,0,18658,0,0,01/01/0001 00:00:00,
148,M 33 - Triangulum galaxy,1.56414,30.659941669444443,35,0092_120.00s_2023-10-14_02-18-18_ L2_-4.90.fits,10/14/2023 02:20:19,23.079999923706055,120,L2,2.3375102337996259,1261,2416,2401.6568221557591,765.76613919905924,88,"Tot: 0.34 (0.80"")",0.25833376313560608,0.22269879821386074,0.34107343476398344,2.34392,0,0,18658,0,0,01/01/0001 00:00:00,
149,M 33 - Triangulum galaxy,1.56414,30.659941669444443,35,0093_120.00s_2023-10-14_02-20-19_ L2_-4.90.fits,10/14/2023 02:22:21,23.020000457763672,120,L2,2.3270940360883388,1258,2416,2399.9504499943905,770.74147766361341,84,"Tot: 0.59 (1.38"")",0.24825139197132912,0.53555066807773821,0.59029083653247927,2.34392,0,0,18658,0,0,01/01/0001 00:00:00,
150,M 33 - Triangulum galaxy,1.56414,30.659941669444443,35,0094_120.00s_2023-10-14_02-22-21_ L2_-4.90.fits,10/14/2023 02:24:22,22.950000762939453,120,L2,2.2973829969835968,1255,2408,2393.2463866367125,764.63569687621771,84,"Tot: 0.33 (0.77"")",0.26022293489121706,0.2016797825610627,0.32922744499399825,2.34392,0,0,18658,0,0,01/01/0001 00:00:00,
151,M 33 - Triangulum galaxy,1.56414,30.659941669444443,35,0095_120.00s_2023-10-14_02-25-25_ L2_-5.30.fits,10/14/2023 02:27:26,22.850000381469727,120,L2,2.4072895610478833,1212,2408,2395.3637795561076,775.43485804495378,84,"Tot: 1.08 (2.53"")",0.22541767078357874,1.0567839319649084,1.0805579138392842,2.34392,0,0,18658,0,0,01/01/0001 00:00:00,
152,M 33 - Triangulum galaxy,1.56414,30.659941669444443,35,0096_120.00s_2023-10-14_02-27-26_ L2_-4.90.fits,10/14/2023 02:29:27,22.770000457763672,120,L2,2.4410505489798155,1277,2408,2394.3191307131774,788.35046195156667,84,"Tot: 0.42 (0.98"")",0.33260871906791623,0.25464367745761118,0.41889373648830791,2.34392,0,0,18658,0,0,01/01/0001 00:00:00,
153,M 33 - Triangulum galaxy,1.56414,30.659941669444443,35,0097_120.00s_2023-10-14_02-29-27_ L2_-4.90.fits,10/14/2023 02:31:29,22.829999923706055,120,L2,2.5017533477788265,1292,2404,2393.4958660442362,795.29543266281667,84,"Tot: 0.63 (1.47"")",0.27841902394154383,0.56165459289039488,0.62687561334561193,2.34392,0,0,18658,0,0,01/01/0001 00:00:00,
154,M 33 - Triangulum galaxy,1.56414,30.659941669444443,35,0098_120.00s_2023-10-14_02-31-29_ L2_-4.90.fits,10/14/2023 02:33:30,22.850000381469727,120,L2,2.5353698829388596,1306,2404,2391.6286865609154,796.75962979194708,80,"Tot: 0.66 (1.56"")",0.35655725234048657,0.55977777963303321,0.66368986489736759,2.34392,0,0,18658,0,0,01/01/0001 00:00:00,
155,M 33 - Triangulum galaxy,1.56414,30.659941669444443,35,0099_120.00s_2023-10-14_02-33-30_ L2_-4.90.fits,10/14/2023 02:35:31,22.809999465942383,120,L2,2.4450344621700282,1296,2404,2390.9082761890168,789.51731366210822,80,"Tot: 0.48 (1.12"")",0.30343600597526693,0.36813133070862841,0.47706821982975117,2.34392,0,0,18658,0,0,01/01/0001 00:00:00,
156,M 33 - Triangulum galaxy,1.56414,30.659941669444443,35,0100_120.00s_2023-10-14_02-35-57_ L2_-5.30.fits,10/14/2023 02:37:58,22.790000915527344,120,L2,2.5046964264784646,1335,2408,2394.3096861668796,795.72297985135526,80,"Tot: 0.52 (1.22"")",0.33109786512134609,0.40212138011533022,0.52089096808619262,2.34392,0,0,18658,0,0,01/01/0001 00:00:00,
157,M 33 - Triangulum galaxy,1.56414,30.659941669444443,35,0101_120.00s_2023-10-14_02-37-58_ L2_-4.90.fits,10/14/2023 02:40:00,22.780000686645508,120,L2,2.597541743067759,1354,2408,2396.8732316273954,797.95274354629248,84,"Tot: 0.53 (1.24"")",0.32258489290125208,0.41971418199493532,0.52935905366375846,2.34392,0,0,18658,0,0,01/01/0001 00:00:00,
158,M 33 - Triangulum galaxy,1.56414,30.659941669444443,35,0102_120.00s_2023-10-14_02-40-00_ L2_-4.90.fits,10/14/2023 02:42:01,22.799999237060547,120,L2,2.6319224674295638,1327,2412,2398.8782559262713,802.248061170067,80,"Tot: 0.63 (1.49"")",0.295721294039341,0.56047386582957992,0.63370500868010848,2.34392,0,0,18658,0,0,01/01/0001 00:00:00,
159,M 33 - Triangulum galaxy,1.56414,30.659941669444443,35,0103_120.00s_2023-10-14_02-42-01_ L2_-4.90.fits,10/14/2023 02:44:02,22.819999694824219,120,L2,2.6266315227199364,1366,2412,2399.7082917178595,798.93692506224988,80,"Tot: 0.63 (1.48"")",0.38102428605543787,0.50217076266496175,0.63036099295527914,2.34392,0,0,18658,0,0,01/01/0001 00:00:00,
160,M 33 - Triangulum galaxy,1.56414,30.659941669444443,35,0104_120.00s_2023-10-14_02-44-03_ L2_-5.30.fits,10/14/2023 02:46:04,22.819999694824219,120,L2,2.5141932971399954,1320,2416,2400.4309195674364,791.3766462455801,80,"Tot: 0.41 (0.96"")",0.36248694580075835,0.19201767073882017,0.41020430489199389,2.34392,0,0,18658,0,0,01/01/0001 00:00:00,
161,M 33 - Triangulum galaxy,1.56414,30.659941669444443,35,0105_120.00s_2023-10-14_02-47-05_ L2_-4.90.fits,10/14/2023 02:49:06,22.840000152587891,120,L2,2.7300923464746747,1310,2416,2404.1713946405653,804.69290887088926,84,"Tot: 1.48 (3.47"")",0.36081120724379845,1.4366458072955335,1.4812615916483363,2.34392,0,0,18658,0,0,01/01/0001 00:00:00,
162,M 33 - Triangulum galaxy,1.56414,30.659941669444443,35,0106_120.00s_2023-10-14_02-49-06_ L2_-4.90.fits,10/14/2023 02:51:08,22.889999389648438,120,L2,2.4801010642890224,1296,2420,2405.4866831623563,791.31550744522838,84,"Tot: 0.44 (1.02"")",0.32188931768467594,0.29302421759773611,0.43528832391677086,2.34392,0,0,18658,0,0,01/01/0001 00:00:00,
163,M 33 - Triangulum galaxy,1.56414,30.659941669444443,35,0107_120.00s_2023-10-14_02-51-08_ L2_-4.90.fits,10/14/2023 02:53:09,22.899999618530273,120,L2,2.4367028714877481,1260,2424,2409.9817255622534,788.6479986504803,84,"Tot: 0.50 (1.17"")",0.3305813012785247,0.3719252863205883,0.49760668741452252,2.34392,0,0,18658,0,0,01/01/0001 00:00:00,
164,M 33 - Triangulum galaxy,1.56414,30.659941669444443,35,0108_120.00s_2023-10-14_02-53-09_ L2_-4.90.fits,10/14/2023 02:55:11,22.899999618530273,120,L2,2.429242812865636,1311,2432,2414.3465746930488,785.56503988127042,84,"Tot: 0.45 (1.06"")",0.35328492629788993,0.28511705609640992,0.45398455351078731,2.34392,0,0,18658,0,0,01/01/0001 00:00:00,
165,M 33 - Triangulum galaxy,1.56414,30.659941669444443,35,0109_120.00s_2023-10-14_02-55-11_ L2_-4.90.fits,10/14/2023 02:57:12,22.899999618530273,120,L2,2.4521024286916342,1273,2428,2413.5379327895275,791.41368945115494,84,"Tot: 0.58 (1.37"")",0.3343230236021103,0.47884751299045919,0.58400926774119366,2.34392,0,0,18658,0,0,01/01/0001 00:00:00,
166,M 33 - Triangulum galaxy,1.56414,30.659941669444443,35,0110_120.00s_2023-10-14_02-58-15_ L2_-5.30.fits,10/14/2023 03:00:16,22.899999618530273,120,L2,2.5360681241454737,1289,2428,2411.7606321265075,799.05636205543522,80,"Tot: 0.45 (1.06"")",0.38140132932065324,0.24384482499480803,0.45268893589783032,2.34392,0,0,18658,0,0,01/01/0001 00:00:00,
167,M 33 - Triangulum galaxy,1.56414,30.659941669444443,35,0111_120.00s_2023-10-14_03-00-16_ L2_-4.90.fits,10/14/2023 03:02:18,22.8700008392334,120,L2,2.4192815873679292,1295,2428,2411.6990493201515,785.79486987589758,80,"Tot: 0.49 (1.15"")",0.35133919369313649,0.34294586153732515,0.49096954383191782,2.34392,0,0,18658,0,0,01/01/0001 00:00:00,
168,M 33 - Triangulum galaxy,1.56414,30.659941669444443,35,0112_120.00s_2023-10-14_03-02-18_ L2_-5.30.fits,10/14/2023 03:04:19,22.8700008392334,120,L2,2.4098940413408805,1289,2432,2414.1346200153785,787.61653840157044,80,"Tot: 0.72 (1.70"")",0.31111812577420683,0.65305498166212927,0.72337770027764825,2.34392,0,0,18658,0,0,01/01/0001 00:00:00,
169,M 33 - Triangulum galaxy,1.56414,30.659941669444443,35,0113_120.00s_2023-10-14_03-04-19_ L2_-4.90.fits,10/14/2023 03:06:20,22.840000152587891,120,L2,2.3649758411296169,1271,2432,2415.1114751990017,778.62449840323416,84,"Tot: 0.40 (0.93"")",0.26970868329408965,0.28883142171647841,0.39517890127762861,2.34392,0,0,18658,0,0,01/01/0001 00:00:00,
170,M 33 - Triangulum galaxy,1.56414,30.659941669444443,35,0114_120.00s_2023-10-14_03-06-20_ L2_-4.90.fits,10/14/2023 03:08:22,22.840000152587891,120,L2,2.3879616409529221,1261,2432,2414.774843753848,784.23133888686118,80,"Tot: 0.58 (1.36"")",0.30820739168279704,0.4923280980085617,0.58084313921801722,2.34392,0,0,18658,18658,18664,10/14/2023 03:11:15,L2
181,M 33 - Triangulum galaxy,1.56414,30.659941669444443,35,0115_120.00s_2023-10-14_03-11-15_ L2_-5.30.fits,10/14/2023 03:13:16,22.790000915527344,120,L2,2.3475101670757259,1236,2436,2416.1359772499036,776.35062132742144,80,"Tot: 0.39 (0.92"")",0.30929544608329407,0.24204921463668946,0.39274864133960036,2.34392,0,0,18664,0,0,01/01/0001 00:00:00,
182,M 33 - Triangulum galaxy,1.56414,30.659941669444443,35,0116_120.00s_2023-10-14_03-13-16_ L2_-4.90.fits,10/14/2023 03:15:17,22.719999313354492,120,L2,2.3350803986723325,1174,2436,2417.1169773347306,767.46665934621888,80,"Tot: 0.29 (0.69"")",0.19354539108177243,0.22137295455011524,0.29405068171191784,2.34392,0,0,18664,0,0,01/01/0001 00:00:00,
183,M 33 - Triangulum galaxy,1.56414,30.659941669444443,35,0117_120.00s_2023-10-14_03-15-17_ L2_-4.90.fits,10/14/2023 03:17:19,22.670000076293945,120,L2,2.3319748139241328,1209,2436,2418.2573597820765,773.06360927455648,84,"Tot: 0.36 (0.85"")",0.26839114040562129,0.24074342376265359,0.36054292439762914,2.34392,0,0,18664,0,0,01/01/0001 00:00:00,
184,M 33 - Triangulum galaxy,1.56414,30.659941669444443,35,0118_120.00s_2023-10-14_03-17-19_ L2_-4.90.fits,10/14/2023 03:19:20,22.690000534057617,120,L2,2.3769236560687079,1246,2440,2422.7514188026234,786.98487529699116,84,"Tot: 0.56 (1.31"")",0.307210915909217,0.46529212580474488,0.55756193305289281,2.34392,0,0,18664,0,0,01/01/0001 00:00:00,
185,M 33 - Triangulum galaxy,1.56414,30.659941669444443,35,0119_120.00s_2023-10-14_03-19-20_ L2_-5.30.fits,10/14/2023 03:21:21,22.690000534057617,120,L2,2.3584581364250421,1242,2448,2426.9447816247957,780.16248275765417,84,"Tot: 0.43 (1.00"")",0.29994181076293785,0.30289909895756639,0.42627802429055106,2.34392,0,0,18664,0,0,01/01/0001 00:00:00,
186,M 33 - Triangulum galaxy,1.56414,30.659941669444443,35,0120_120.00s_2023-10-14_03-22-01_ L2_-5.30.fits,10/14/2023 03:24:03,22.649999618530273,120,L2,2.3428917580325308,1239,2452,2431.233198065941,781.125749288473,84,"Tot: 0.37 (0.86"")",0.2384328836381425,0.27887942082201866,0.36691139442380988,2.34392,0,0,18664,0,0,01/01/0001 00:00:00,
187,M 33 - Triangulum galaxy,1.56414,30.659941669444443,35,0121_120.00s_2023-10-14_03-24-03_ L2_-4.90.fits,10/14/2023 03:26:04,22.6200008392334,120,L2,2.329754510750135,1239,2452,2429.9897167593836,783.57058327883135,84,"Tot: 0.46 (1.07"")",0.24520197396029758,0.38696779233708611,0.45811361073456947,2.34392,0,0,18664,0,0,01/01/0001 00:00:00,
188,M 33 - Triangulum galaxy,1.56414,30.659941669444443,35,0122_120.00s_2023-10-14_03-26-04_ L2_-5.30.fits,10/14/2023 03:28:05,22.590000152587891,120,L2,2.3532788134170373,1249,2452,2430.2282828794168,785.23251491711289,84,"Tot: 0.62 (1.45"")",0.252313036023603,0.5653738031909451,0.61911986358219961,2.34392,0,0,18664,0,0,01/01/0001 00:00:00,
189,M 33 - Triangulum galaxy,1.56414,30.659941669444443,35,0123_120.00s_2023-10-14_03-28-05_ L2_-4.90.fits,10/14/2023 03:30:07,22.559999465942383,120,L2,2.301047408627356,1220,2452,2431.6651653171853,772.96276215421324,84,"Tot: 0.32 (0.75"")",0.25909071770327857,0.18932225072322797,0.32089081417034793,2.34392,0,0,18664,0,0,01/01/0001 00:00:00,
190,M 33 - Triangulum galaxy,1.56414,30.659941669444443,35,0124_120.00s_2023-10-14_03-30-07_ L2_-4.90.fits,10/14/2023 03:32:08,22.590000152587891,120,L2,2.3340428756526457,1235,2456,2435.1413668528303,781.04980841165423,84,"Tot: 0.43 (1.00"")",0.25360634189488546,0.3430384757331652,0.42660470283699281,2.34392,0,0,18664,0,0,01/01/0001 00:00:00,
191,M 33 - Triangulum galaxy,1.56414,30.659941669444443,35,0125_120.00s_2023-10-14_03-33-11_ L2_-5.30.fits,10/14/2023 03:35:13,22.579999923706055,120,L2,2.4533169260234935,1206,2460,2439.6879742453802,795.97863067897617,84,"Tot: 0.95 (2.22"")",0.28696237572864691,0.90324112746425023,0.94772988737652408,2.34392,0,0,18664,0,0,01/01/0001 00:00:00,
192,M 33 - Triangulum galaxy,1.56414,30.659941669444443,35,0126_120.00s_2023-10-14_03-35-13_ L2_-4.90.fits,10/14/2023 03:37:14,22.559999465942383,120,L2,2.31414103386426,1187,2460,2437.8255231920184,774.28554245229145,84,"Tot: 0.35 (0.83"")",0.26945637453542975,0.22709066444163445,0.35238743969432396,2.34392,0,0,18664,0,0,01/01/0001 00:00:00,
193,M 33 - Triangulum galaxy,1.56414,30.659941669444443,35,0127_120.00s_2023-10-14_03-37-14_ L2_-4.90.fits,10/14/2023 03:39:15,22.540000915527344,120,L2,2.35201061218513,1224,2464,2440.9298359689042,779.53648735586444,84,"Tot: 0.48 (1.12"")",0.26911874849896805,0.3958096276467637,0.47863364082722032,2.34392,0,0,18664,0,0,01/01/0001 00:00:00,
194,M 33 - Triangulum galaxy,1.56414,30.659941669444443,35,0128_120.00s_2023-10-14_03-39-16_ L2_-5.30.fits,10/14/2023 03:41:17,22.530000686645508,120,L2,2.3649084706595489,1273,2464,2443.090321426519,779.90317341924151,84,"Tot: 0.43 (1.00"")",0.30480722434092117,0.30038410306639068,0.42794632068218169,2.34392,0,0,18664,0,0,01/01/0001 00:00:00,
195,M 33 - Triangulum galaxy,1.56414,30.659941669444443,35,0129_120.00s_2023-10-14_03-41-17_ L2_-5.30.fits,10/14/2023 03:43:18,22.520000457763672,120,L2,2.3813328953223913,1245,2468,2443.7253477913473,780.58583906806609,84,"Tot: 0.51 (1.19"")",0.30473823155148472,0.40345046979198512,0.50560624140184407,2.34392,0,0,18664,0,0,01/01/0001 00:00:00,
196,M 33 - Triangulum galaxy,1.56414,30.659941669444443,35,0130_120.00s_2023-10-14_03-44-21_ L2_-5.30.fits,10/14/2023 03:46:22,22.510000228881836,120,L2,2.4763034968016191,1160,2468,2446.26775384527,787.70976748160081,84,"Tot: 1.19 (2.79"")",0.33601557048831249,1.1398055908669884,1.1883026754923305,2.34392,0,0,18664,0,0,01/01/0001 00:00:00,
197,M 33 - Triangulum galaxy,1.56414,30.659941669444443,35,0131_120.00s_2023-10-14_03-46-22_ L2_-4.90.fits,10/14/2023 03:48:24,22.5,120,L2,2.407207409673624,1166,2468,2444.1919512024933,783.59809818108818,84,"Tot: 0.47 (1.09"")",0.33798150716977204,0.32159309367828259,0.46653361839241481,2.34392,0,0,18664,0,0,01/01/0001 00:00:00,
198,M 33 - Triangulum galaxy,1.56414,30.659941669444443,35,0132_120.00s_2023-10-14_03-48-24_ L2_-4.90.fits,10/14/2023 03:50:25,22.5,120,L2,2.431437214962473,1232,2468,2447.3675300794366,792.2795320146663,84,"Tot: 0.76 (1.79"")",0.282996220863614,0.70768734992381432,0.762173370215254,2.34392,0,0,18664,0,0,01/01/0001 00:00:00,
199,M 33 - Triangulum galaxy,1.56414,30.659941669444443,35,0133_120.00s_2023-10-14_03-50-25_ L2_-4.90.fits,10/14/2023 03:52:27,22.489999771118164,120,L2,2.4019628279725014,1175,2472,2448.7590258832288,788.87600874281134,84,"Tot: 0.53 (1.24"")",0.36944120749380022,0.38051034444184584,0.53035358773343777,2.34392,0,0,18664,0,0,01/01/0001 00:00:00,
200,M 33 - Triangulum galaxy,1.56414,30.659941669444443,35,0134_120.00s_2023-10-14_03-52-27_ L2_-4.90.fits,10/14/2023 03:54:28,22.5,120,L2,2.4334282115313823,1208,2476,2451.4712329901026,791.91201459367858,84,"Tot: 0.61 (1.44"")",0.29810422281405952,0.53515102474417831,0.612578767950962,2.34392,0,0,18664,0,0,01/01/0001 00:00:00,
201,M 33 - Triangulum galaxy,1.56414,30.659941669444443,35,0135_120.00s_2023-10-14_03-55-31_ L2_-4.90.fits,10/14/2023 03:57:32,22.489999771118164,120,L2,2.3886596631703756,1262,2480,2455.5470428158237,781.77178388885068,84,"Tot: 0.43 (1.01"")",0.3009327278091678,0.30852981847608996,0.43098857937949553,2.34392,0,0,18664,0,0,01/01/0001 00:00:00,
202,M 33 - Triangulum galaxy,1.56414,30.659941669444443,35,0136_120.00s_2023-10-14_03-57-32_ L2_-4.90.fits,10/14/2023 03:59:33,22.479999542236328,120,L2,2.40948531477534,1228,2480,2457.1514783868611,787.85068390172239,84,"Tot: 0.58 (1.35"")",0.33508481428802456,0.46764125638271165,0.57530007599307764,2.34392,0,0,18664,0,0,01/01/0001 00:00:00,
203,M 33 - Triangulum galaxy,1.56414,30.659941669444443,35,0137_120.00s_2023-10-14_03-59-33_ L2_-4.90.fits,10/14/2023 04:01:35,22.489999771118164,120,L2,2.3835581217671558,1273,2484,2456.8250908471496,781.5129926939693,84,"Tot: 0.32 (0.76"")",0.26312606980889952,0.18760257335929253,0.32315639270190311,2.34392,0,0,18664,0,0,01/01/0001 00:00:00,
204,M 33 - Triangulum galaxy,1.56414,30.659941669444443,35,0138_120.00s_2023-10-14_04-01-35_ L2_-4.90.fits,10/14/2023 04:03:36,22.489999771118164,120,L2,2.3948971122486102,1240,2484,2457.5327432829204,784.49889173977533,84,"Tot: 0.41 (0.97"")",0.33189277835850917,0.24628515114964064,0.41329068705129546,2.34392,0,0,18664,0,0,01/01/0001 00:00:00,
205,M 33 - Triangulum galaxy,1.56414,30.659941669444443,35,0139_120.00s_2023-10-14_04-03-36_ L2_-5.30.fits,10/14/2023 04:05:38,22.520000457763672,120,L2,2.3597313234839974,1252,2484,2456.6581465539653,777.61275533727394,84,"Tot: 0.38 (0.90"")",0.28903082245070444,0.25012474688559189,0.38223187377704654,2.34392,0,0,18664,0,0,01/01/0001 00:00:00,
206,M 33 - Triangulum galaxy,1.56414,30.659941669444443,35,0140_120.00s_2023-10-14_04-05-57_ L2_-5.30.fits,10/14/2023 04:07:58,22.520000457763672,120,L2,2.3681276494384442,1243,2484,2456.0373889379912,770.3954125117516,84,"Tot: 0.33 (0.77"")",0.21510835873461776,0.24743031194049789,0.32786180818215638,2.34392,0,0,18664,0,0,01/01/0001 00:00:00,
207,M 33 - Triangulum galaxy,1.56414,30.659941669444443,35,0141_120.00s_2023-10-14_04-07-58_ L2_-4.90.fits,10/14/2023 04:10:00,22.520000457763672,120,L2,2.3710564738533386,1261,2484,2457.1485528760513,771.21058150741089,84,"Tot: 0.31 (0.73"")",0.25682006789184131,0.17886326706418224,0.31296743532968879,2.34392,0,0,18664,0,0,01/01/0001 00:00:00,
208,M 33 - Triangulum galaxy,1.56414,30.659941669444443,35,0142_120.00s_2023-10-14_04-10-00_ L2_-4.90.fits,10/14/2023 04:12:01,22.520000457763672,120,L2,2.3951796148847904,1245,2484,2457.1240125161103,774.81925152081715,84,"Tot: 0.41 (0.96"")",0.31738742178952861,0.25905899299045665,0.40969053852808657,2.34392,0,0,18664,18664,18664,10/14/2023 04:14:03,L2
219,M 33 - Triangulum galaxy,1.56414,30.659941669444443,35,0143_120.00s_2023-10-14_04-14-03_ L2_-4.90.fits,10/14/2023 04:16:04,22.540000915527344,120,L2,2.3996614315603284,1285,2480,2457.1940623041792,782.04612440734627,88,"Tot: 0.63 (1.48"")",0.3162852744441953,0.54759672224435951,0.6323753197611417,2.34392,0,0,18664,0,0,01/01/0001 00:00:00,
220,M 33 - Triangulum galaxy,1.56414,30.659941669444443,35,0144_120.00s_2023-10-14_04-16-04_ L2_-5.30.fits,10/14/2023 04:18:06,22.549999237060547,120,L2,2.3974803763321568,1249,2484,2457.7702169112517,778.80085899560254,88,"Tot: 0.45 (1.07"")",0.32606600742044684,0.31651684128869878,0.45442485849091291,2.34392,0,0,18664,0,0,01/01/0001 00:00:00,
221,M 33 - Triangulum galaxy,1.56414,30.659941669444443,35,0145_120.00s_2023-10-14_04-18-22_ L2_-4.90.fits,10/14/2023 04:20:23,22.559999465942383,120,L2,2.422529215257462,1248,2480,2457.3547868512433,783.13446166957226,88,"Tot: 0.62 (1.45"")",0.33629875000222004,0.51953204298187938,0.61887833451978347,2.34392,0,0,18664,0,0,01/01/0001 00:00:00,
222,M 33 - Triangulum galaxy,1.56414,30.659941669444443,35,0146_120.00s_2023-10-14_04-20-23_ L2_-4.90.fits,10/14/2023 04:22:25,22.569999694824219,120,L2,2.43991463610821,1256,2480,2457.1865527063969,783.38628665486249,88,"Tot: 0.51 (1.18"")",0.32762421242327655,0.38500980721184952,0.505539490262905,2.34392,0,0,18664,0,0,01/01/0001 00:00:00,
223,M 33 - Triangulum galaxy,1.56414,30.659941669444443,35,0147_120.00s_2023-10-14_04-22-25_ L2_-5.30.fits,10/14/2023 04:24:26,22.590000152587891,120,L2,2.4613641329585727,1295,2484,2459.1000396088098,782.62524813304265,88,"Tot: 0.52 (1.23"")",0.36599710571846888,0.37316599539306949,0.52269182269478487,2.34392,0,0,18664,0,0,01/01/0001 00:00:00,
224,M 33 - Triangulum galaxy,1.56414,30.659941669444443,35,0148_120.00s_2023-10-14_04-24-26_ L2_-5.30.fits,10/14/2023 04:26:28,22.590000152587891,120,L2,2.5014200312220134,1275,2488,2462.1065514613529,787.4622719406608,88,"Tot: 0.61 (1.43"")",0.35119473443288368,0.50060472126870881,0.611508649529919,2.34392,0,0,18664,0,0,01/01/0001 00:00:00,
225,M 33 - Triangulum galaxy,1.56414,30.659941669444443,35,0149_120.00s_2023-10-14_04-26-28_ L2_-5.30.fits,10/14/2023 04:28:29,22.610000610351563,120,L2,2.6031045741731456,1263,2492,2465.953081346508,792.76919622640878,88,"Tot: 0.58 (1.35"")",0.36504322969521541,0.44464799112482467,0.57529852733833409,2.34392,0,0,18664,0,0,01/01/0001 00:00:00,
226,M 33 - Triangulum galaxy,1.56414,30.659941669444443,35,0150_120.00s_2023-10-14_04-29-30_ L2_-5.30.fits,10/14/2023 04:31:31,22.610000610351563,120,L2,2.4145173434470704,1242,2492,2465.5275548024483,781.90904571572946,88,"Tot: 0.51 (1.20"")",0.37804317516687086,0.3479067726402858,0.51376625496350858,2.34392,0,0,18664,0,0,01/01/0001 00:00:00,
227,M 33 - Triangulum galaxy,1.56414,30.659941669444443,35,0151_120.00s_2023-10-14_04-31-31_ L2_-5.30.fits,10/14/2023 04:33:32,22.6200008392334,120,L2,2.4225361785877597,1224,2492,2467.7619613133434,779.12201534318319,88,"Tot: 0.58 (1.35"")",0.29857268844211765,0.494818941605558,0.57791992114409629,2.34392,0,0,18664,0,0,01/01/0001 00:00:00,
228,M 33 - Triangulum galaxy,1.56414,30.659941669444443,35,0152_120.00s_2023-10-14_04-33-33_ L2_-4.90.fits,10/14/2023 04:35:34,22.6200008392334,120,L2,2.4160196470873809,1236,2500,2473.4820809469993,780.02237484144234,92,"Tot: 0.54 (1.27"")",0.33876227709927714,0.42357914886296594,0.54238286821853254,2.34392,0,0,18664,0,0,01/01/0001 00:00:00,
229,M 33 - Triangulum galaxy,1.56414,30.659941669444443,35,0153_120.00s_2023-10-14_04-35-34_ L2_-4.90.fits,10/14/2023 04:37:35,22.6299991607666,120,L2,2.4015786293455852,1220,2504,2477.771293668884,779.86005453598546,92,"Tot: 0.58 (1.35"")",0.29409963161481895,0.49471881042556781,0.57553565893423242,2.34392,0,0,18664,0,0,01/01/0001 00:00:00,
230,M 33 - Triangulum galaxy,1.56414,30.659941669444443,35,0154_120.00s_2023-10-14_04-37-35_ L2_-5.30.fits,10/14/2023 04:39:37,22.639999389648438,120,L2,2.4441258858751165,1216,2504,2479.090165796048,783.71210524254991,92,"Tot: 0.61 (1.44"")",0.26665964940357545,0.5538034974606264,0.61465899685895742,2.34392,0,0,18664,0,0,01/01/0001 00:00:00,
231,M 33 - Triangulum galaxy,1.56414,30.659941669444443,35,0155_120.00s_2023-10-14_04-40-36_ L2_-4.90.fits,10/14/2023 04:42:37,22.700000762939453,120,L2,2.3800747404727174,1173,2508,2479.2208635815123,778.56058390828855,92,"Tot: 0.46 (1.08"")",0.25780178432276213,0.38047793466301277,0.45959244855135706,2.34392,0,0,18664,0,0,01/01/0001 00:00:00,
232,M 33 - Triangulum galaxy,1.56414,30.659941669444443,35,0156_120.00s_2023-10-14_04-42-37_ L2_-4.90.fits,10/14/2023 04:44:39,22.700000762939453,120,L2,2.370151860821434,1107,2504,2477.5740927598654,773.77122804803048,92,"Tot: 0.48 (1.13"")",0.33527673867028673,0.34933516386240732,0.48419577466574271,2.34392,0,0,18664,0,0,01/01/0001 00:00:00,
233,M 33 - Triangulum galaxy,1.56414,30.659941669444443,35,0157_120.00s_2023-10-14_04-44-39_ L2_-4.90.fits,10/14/2023 04:46:40,22.690000534057617,120,L2,2.3991729030870026,1095,2504,2477.6597377472644,780.49516242959214,92,"Tot: 0.68 (1.59"")",0.29865567013255506,0.610472348129922,0.67961143099096433,2.34392,0,0,18664,0,0,01/01/0001 00:00:00,
234,M 33 - Triangulum galaxy,1.56414,30.659941669444443,35,0158_120.00s_2023-10-14_04-46-40_ L2_-4.90.fits,10/14/2023 04:48:42,22.690000534057617,120,L2,2.331949573446821,1074,2504,2475.8479285071239,770.443058013773,92,"Tot: 0.35 (0.83"")",0.26814946070764512,0.22975952515673836,0.3531197710098527,2.34392,0,0,18664,0,0,01/01/0001 00:00:00,
235,M 33 - Triangulum galaxy,1.56414,30.659941669444443,35,0159_120.00s_2023-10-14_04-48-42_ L2_-4.90.fits,10/14/2023 04:50:43,22.700000762939453,120,L2,2.3731658371327793,1147,2504,2476.9846165265194,773.85658307012693,92,"Tot: 0.50 (1.16"")",0.31728230657566175,0.38151523333136894,0.49620755267313404,2.34392,0,0,18664,0,0,01/01/0001 00:00:00,
236,M 33 - Triangulum galaxy,1.56414,30.659941669444443,35,0160_120.00s_2023-10-14_04-51-45_ L2_-5.30.fits,10/14/2023 04:53:46,22.770000457763672,120,L2,2.6053821713503647,1243,2512,2485.7187227219119,792.27861196153094,92,"Tot: 1.11 (2.60"")",0.29123170587740693,1.0722650436639425,1.1111112592229011,2.34392,0,0,18664,0,0,01/01/0001 00:00:00,
237,M 33 - Triangulum galaxy,1.56414,30.659941669444443,35,0161_120.00s_2023-10-14_04-53-46_ L2_-4.90.fits,10/14/2023 04:55:48,22.75,120,L2,2.442221256935714,1210,2520,2488.8767420351405,780.26725377876232,92,"Tot: 0.60 (1.40"")",0.41500282730829413,0.43056928997170596,0.59801108697131755,2.34392,0,0,18664,0,0,01/01/0001 00:00:00,
238,M 33 - Triangulum galaxy,1.56414,30.659941669444443,35,0162_120.00s_2023-10-14_04-55-48_ L2_-4.90.fits,10/14/2023 04:57:49,22.770000457763672,120,L2,2.5069238443134934,1211,2524,2495.92979389737,788.02881159446827,92,"Tot: 1.03 (2.41"")",0.32508677967734656,0.97512605731480761,1.0278872710445,2.34392,0,0,18664,0,0,01/01/0001 00:00:00,
239,M 33 - Triangulum galaxy,1.56414,30.659941669444443,35,0163_120.00s_2023-10-14_04-57-49_ L2_-5.30.fits,10/14/2023 04:59:50,22.799999237060547,120,L2,2.4011334947773482,1183,2532,2499.7997083724404,775.89257537638287,92,"Tot: 0.62 (1.45"")",0.36117137279292283,0.50098088756533343,0.61759744998734711,2.34392,0,0,18664,0,0,01/01/0001 00:00:00,
240,M 33 - Triangulum galaxy,1.56414,30.659941669444443,35,0164_120.00s_2023-10-14_04-59-51_ L2_-4.90.fits,10/14/2023 05:01:52,22.799999237060547,120,L2,2.3535474006858839,1146,2532,2501.64624886099,767.42146136862868,96,"Tot: 0.47 (1.09"")",0.39937099140172977,0.23910191481400347,0.46547493427780134,2.34392,0,0,18664,0,0,01/01/0001 00:00:00,
241,M 33 - Triangulum galaxy,1.56414,30.659941669444443,35,0165_120.00s_2023-10-14_05-02-53_ L2_-5.30.fits,10/14/2023 05:04:54,22.860000610351563,120,L2,2.4137035182289996,1066,2540,2507.8849887398787,763.36331043264886,96,"Tot: 1.25 (2.94"")",0.23455336519154857,1.2320629683543134,1.2541907506885552,2.34392,0,0,18664,0,0,01/01/0001 00:00:00,
242,M 33 - Triangulum galaxy,1.56414,30.659941669444443,35,0166_120.00s_2023-10-14_05-04-54_ L2_-4.90.fits,10/14/2023 05:06:55,22.899999618530273,120,L2,2.3339967823473957,1144,2540,2506.068825267,761.82085763803468,96,"Tot: 0.47 (1.09"")",0.27948077161171614,0.37243871796505879,0.46563945316106625,2.34392,0,0,18664,0,0,01/01/0001 00:00:00,
243,M 33 - Triangulum galaxy,1.56414,30.659941669444443,35,0167_120.00s_2023-10-14_05-06-55_ L2_-4.90.fits,10/14/2023 05:08:57,22.909999847412109,120,L2,2.4077522483305915,1162,2540,2506.29328989818,772.62743984275278,96,"Tot: 0.78 (1.83"")",0.28534900441954086,0.72572096370236172,0.77980444438353114,2.34392,0,0,18664,0,0,01/01/0001 00:00:00,
244,M 33 - Triangulum galaxy,1.56414,30.659941669444443,35,0168_120.00s_2023-10-14_05-08-57_ L2_-4.90.fits,10/14/2023 05:10:58,22.8799991607666,120,L2,2.3082432648222415,1117,2540,2506.6713860894406,761.695389276794,96,"Tot: 0.37 (0.87"")",0.3230796003385783,0.18121265359398592,0.3704300932396144,2.34392,0,0,18664,0,0,01/01/0001 00:00:00,
245,M 33 - Triangulum galaxy,1.56414,30.659941669444443,35,0169_120.00s_2023-10-14_05-10-58_ L2_-4.90.fits,10/14/2023 05:12:59,22.930000305175781,120,L2,2.3095372271584234,1092,2540,2506.4809101269943,756.56774202210249,96,"Tot: 0.33 (0.77"")",0.24543255596028382,0.21586963494656145,0.32685905038282104,2.34392,0,0,18664,0,0,01/01/0001 00:00:00,
246,M 33 - Triangulum galaxy,1.56414,30.659941669444443,35,0170_120.00s_2023-10-14_05-13-17_ L2_-4.90.fits,10/14/2023 05:15:18,22.979999542236328,120,L2,2.3391382240221956,1064,2544,2507.7490720319388,766.79270044376347,92,"Tot: 0.55 (1.29"")",0.26341641775790908,0.48501010616101164,0.551926636630925,2.34392,0,0,18664,18664,18664,10/14/2023 05:17:19,L2
257,M 33 - Triangulum galaxy,1.56414,30.659941669444443,35,0171_120.00s_2023-10-14_05-17-19_ L2_-4.90.fits,10/14/2023 05:19:21,22.969999313354492,120,L2,2.3486908017210686,1130,2552,2514.3529921411741,755.63041995685137,96,"Tot: 0.38 (0.88"")",0.30569901463180321,0.2184427849858398,0.37572481666669993,2.34392,0,0,18664,0,0,01/01/0001 00:00:00,
258,M 33 - Triangulum galaxy,1.56414,30.659941669444443,35,0172_120.00s_2023-10-14_05-19-21_ L2_-5.30.fits,10/14/2023 05:21:22,23.010000228881836,120,L2,2.3509216051867172,1133,2556,2519.5026860793159,757.94247296520894,96,"Tot: 0.46 (1.09"")",0.23114994738715244,0.40139309494143854,0.46319187691900432,2.34392,0,0,18664,0,0,01/01/0001 00:00:00,
259,M 33 - Triangulum galaxy,1.56414,30.659941669444443,35,0173_120.00s_2023-10-14_05-21-22_ L2_-5.30.fits,10/14/2023 05:23:24,22.989999771118164,120,L2,2.3739094952005133,1169,2564,2525.3976485090943,761.4711636604992,96,"Tot: 0.46 (1.07"")",0.32649406313727808,0.32031983731433705,0.45738733196380971,2.34392,0,0,18664,0,0,01/01/0001 00:00:00,
260,M 33 - Triangulum galaxy,1.56414,30.659941669444443,35,0174_120.00s_2023-10-14_05-23-24_ L2_-4.90.fits,10/14/2023 05:25:25,22.969999313354492,120,L2,2.3935470677050472,1160,2568,2530.8862645676963,768.4010323024911,100,"Tot: 0.59 (1.38"")",0.36848388679864952,0.45826845358866852,0.58803941227165168,2.34392,0,0,18664,0,0,01/01/0001 00:00:00,
261,M 33 - Triangulum galaxy,1.56414,30.659941669444443,35,0175_120.00s_2023-10-14_05-26-27_ L2_-4.90.fits,10/14/2023 05:28:28,23,120,L2,2.4111590702232779,1122,2572,2534.1580767767869,760.75003880901045,100,"Tot: 0.67 (1.56"")",0.32094330232267682,0.5838888273521009,0.66628129645998369,2.34392,0,0,18664,0,0,01/01/0001 00:00:00,
262,M 33 - Triangulum galaxy,1.56414,30.659941669444443,35,0176_120.00s_2023-10-14_05-28-28_ L2_-4.90.fits,10/14/2023 05:30:30,23.020000457763672,120,L2,2.349527568711288,1120,2576,2536.9337157852397,757.58496389632762,100,"Tot: 0.54 (1.25"")",0.34822993963748183,0.40669620762943248,0.53541189392848443,2.34392,0,0,18664,0,0,01/01/0001 00:00:00,
263,M 33 - Triangulum galaxy,1.56414,30.659941669444443,35,0177_120.00s_2023-10-14_05-30-30_ L2_-5.30.fits,10/14/2023 05:32:31,22.969999313354492,120,L2,2.3958186593788584,1138,2580,2542.5673100076892,762.83578593883442,104,"Tot: 1.00 (2.34"")",0.28253862054375051,0.95875346385003679,0.9995180221202663,2.34392,0,0,18664,0,0,01/01/0001 00:00:00,
264,M 33 - Triangulum galaxy,1.56414,30.659941669444443,35,0178_120.00s_2023-10-14_05-32-31_ L2_-4.90.fits,10/14/2023 05:34:32,22.979999542236328,120,L2,2.2851463430914105,1079,2592,2549.483494618948,740.42412503708454,104,"Tot: 0.33 (0.78"")",0.24085884612521088,0.22690788403755538,0.33090810143477706,2.34392,0,0,18664,0,0,01/01/0001 00:00:00,
265,M 33 - Triangulum galaxy,1.56414,30.659941669444443,35,0179_120.00s_2023-10-14_05-34-32_ L2_-5.30.fits,10/14/2023 05:36:34,23,120,L2,2.3399724131183262,1127,2596,2554.7088129944259,747.40796541634518,104,"Tot: 0.44 (1.03"")",0.29554127528875823,0.32242468974251265,0.43738121353672832,2.34392,0,0,18664,0,0,01/01/0001 00:00:00,
266,M 33 - Triangulum galaxy,1.56414,30.659941669444443,35,0180_120.00s_2023-10-14_05-37-38_ L2_-5.30.fits,10/14/2023 05:39:39,22.989999771118164,120,L2,2.5878710742260855,1119,2608,2566.6244007371752,764.99885024168657,104,"Tot: 1.44 (3.37"")",0.27908779517806831,1.412202168373744,1.4395155302312161,2.34392,0,0,18664,0,0,01/01/0001 00:00:00,
267,M 33 - Triangulum galaxy,1.56414,30.659941669444443,35,0181_120.00s_2023-10-14_05-39-39_ L2_-4.90.fits,10/14/2023 05:41:40,22.989999771118164,120,L2,2.3265816270942778,1082,2616,2571.4121542951275,745.39952394363615,108,"Tot: 0.42 (0.99"")",0.25116215005417258,0.33984638605655715,0.42258489293340479,2.34392,0,0,18664,0,0,01/01/0001 00:00:00,
268,M 33 - Triangulum galaxy,1.56414,30.659941669444443,35,0182_120.00s_2023-10-14_05-41-40_ L2_-4.90.fits,10/14/2023 05:43:42,23.020000457763672,120,L2,2.3482134489958866,1097,2624,2580.2350307430038,752.60215223810087,108,"Tot: 0.82 (1.91"")",0.25395100966900935,0.77583132466337157,0.816336548024668,2.34392,0,0,18664,0,0,01/01/0001 00:00:00,
273,M 33 - Triangulum galaxy,1.56414,30.659941669444443,35,0183_120.00s_2023-10-14_05-45-13_ L2_-4.90.fits,10/14/2023 05:47:14,23.079999923706055,120,L2,2.3268703205025885,1058,2644,2597.1279306414849,742.26987043267809,112,"Tot: 0.35 (0.83"")",0.25605152918895063,0.24208024785182286,0.35237087280307378,2.34392,0,0,18664,0,0,01/01/0001 00:00:00,
274,M 33 - Triangulum galaxy,1.56414,30.659941669444443,35,0184_120.00s_2023-10-14_05-47-14_ L2_-4.90.fits,10/14/2023 05:49:16,23.1200008392334,120,L2,2.3794730131827406,1046,2656,2607.3941965910426,746.44610493206926,112,"Tot: 0.26 (0.61"")",0.19093858791904297,0.17764766546331184,0.26079922814510564,2.34392,0,0,18664,0,0,01/01/0001 00:00:00,
275,M 33 - Triangulum galaxy,1.56414,30.659941669444443,35,0185_120.00s_2023-10-14_05-49-55_ L2_-4.90.fits,10/14/2023 05:51:56,23.159999847412109,120,L2,2.3423925094906037,1052,2668,2618.5705830362103,750.71090428156458,116,"Tot: 0.55 (1.29"")",0.3038033833693955,0.45699346435701726,0.548761808266319,2.34392,0,0,18664,0,0,01/01/0001 00:00:00,
276,M 33 - Triangulum galaxy,1.56414,30.659941669444443,35,0186_120.00s_2023-10-14_05-51-56_ L2_-4.90.fits,10/14/2023 05:53:58,23.1299991607666,120,L2,2.3144501447953556,1028,2680,2627.1127476063693,737.7552080540986,116,"Tot: 0.26 (0.61"")",0.18319602812894778,0.184567959292024,0.26005021884137003,2.34392,0,0,18664,0,0,01/01/0001 00:00:00,
277,M 33 - Triangulum galaxy,1.56414,30.659941669444443,35,0187_120.00s_2023-10-14_05-53-58_ L2_-4.90.fits,10/14/2023 05:55:59,23.1200008392334,120,L2,2.3167922479057252,1027,2688,2638.0064027401909,745.04394639267457,120,"Tot: 0.31 (0.72"")",0.26519242147573374,0.15314238936441329,0.30623456994337656,2.34392,0,0,18664,0,0,01/01/0001 00:00:00,
278,M 33 - Triangulum galaxy,1.56414,30.659941669444443,35,0188_120.00s_2023-10-14_05-55-59_ L2_-5.30.fits,10/14/2023 05:58:00,23.139999389648438,120,L2,2.3080557354826796,1025,2696,2643.2561657030119,742.07956337030623,120,"Tot: 0.27 (0.63"")",0.22327030550683669,0.14779765989877344,0.26775693752481877,2.34392,0,0,18664,0,0,01/01/0001 00:00:00,
279,M 33 - Triangulum galaxy,1.56414,30.659941669444443,35,0189_120.00s_2023-10-14_05-58-00_ L2_-5.30.fits,10/14/2023 06:00:02,23.159999847412109,120,L2,2.2998680822130448,998,2704,2652.1448283481418,741.28534948513129,124,"Tot: 0.28 (0.65"")",0.19491498146627928,0.19595203596798882,0.2763856913807225,2.34392,0,0,18664,0,0,01/01/0001 00:00:00,
280,M 33 - Triangulum galaxy,1.56414,30.659941669444443,35,0190_120.00s_2023-10-14_06-00-17_ L2_-5.30.fits,10/14/2023 06:02:19,23.200000762939453,120,L2,2.3545466449064962,1037,2716,2661.287598953616,751.52678536551014,124,"Tot: 0.60 (1.40"")",0.25209800166709972,0.54246824700075691,0.59818492245176091,2.34392,0,0,18664,0,0,01/01/0001 00:00:00,
281,M 33 - Triangulum galaxy,1.56414,30.659941669444443,35,0191_120.00s_2023-10-14_06-02-19_ L2_-4.90.fits,10/14/2023 06:04:20,23.190000534057617,120,L2,2.3440489205960882,1005,2724,2670.0584667764861,749.335392242913,128,"Tot: 0.42 (0.98"")",0.28880634441127606,0.301621097662286,0.41759357170244715,2.34392,0,0,18664,0,0,01/01/0001 00:00:00,
282,M 33 - Triangulum galaxy,1.56414,30.659941669444443,35,0192_120.00s_2023-10-14_06-04-20_ L2_-4.90.fits,10/14/2023 06:06:21,23.209999084472656,120,L2,2.3462232669690852,1019,2736,2680.0353961838723,745.26589818822617,128,"Tot: 0.30 (0.70"")",0.22197409661033021,0.20274835593250407,0.3006316606734985,2.34392,0,0,18664,0,0,01/01/0001 00:00:00,
283,M 33 - Triangulum galaxy,1.56414,30.659941669444443,35,0193_120.00s_2023-10-14_06-06-21_ L2_-4.90.fits,10/14/2023 06:08:23,23.25,120,L2,2.3432087830175394,1022,2748,2688.6318415839146,741.17890070702549,128,"Tot: 0.44 (1.02"")",0.22020153944042492,0.37581962819680009,0.43557905242322442,2.34392,0,0,18664,0,0,01/01/0001 00:00:00,
284,M 33 - Triangulum galaxy,1.56414,30.659941669444443,35,0194_120.00s_2023-10-14_06-08-23_ L2_-4.90.fits,10/14/2023 06:10:24,23.260000228881836,120,L2,2.3248419393132109,983,2760,2698.5105732947691,742.02083075813482,128,"Tot: 0.35 (0.83"")",0.27170577814572283,0.22782401100618466,0.35458117528814032,2.34392,0,0,18664,0,0,01/01/0001 00:00:00,
285,M 33 - Triangulum galaxy,1.56414,30.659941669444443,35,0195_120.00s_2023-10-14_06-11-26_ L2_-5.30.fits,10/14/2023 06:13:28,23.25,120,L2,2.320396986654401,847,2828,2753.3433721257961,684.124132843454,132,"Tot: 0.35 (0.81"")",0.26408665431568917,0.22490447245084993,0.34687718679101603,2.34392,0,0,18664,0,0,01/01/0001 00:00:00,
286,M 33 - Triangulum galaxy,1.56414,30.659941669444443,35,0196_120.00s_2023-10-14_06-13-28_ L2_-4.90.fits,10/14/2023 06:15:29,23.260000228881836,120,L2,2.2458746881562694,622,2928,2831.4800553565615,579.91410630212317,136,"Tot: 0.67 (1.58"")",0.27330727849935793,0.61432542184326266,0.6723783104797687,2.34392,0,0,18664,0,0,01/01/0001 00:00:00,
287,M 33 - Triangulum galaxy,1.56414,30.659941669444443,35,0197_120.00s_2023-10-14_06-15-29_ L2_-5.30.fits,10/14/2023 06:17:30,23.260000228881836,120,L2,2.3341320320892995,859,2860,2777.6184501804628,665.20889808539482,132,"Tot: 0.26 (0.62"")",0.232889505130652,0.12640205852754133,0.264981135177582,2.34392,0,0,18664,18664,18660,10/14/2023 06:19:32,L2
298,M 33 - Triangulum galaxy,1.56414,30.659941669444443,35,0198_120.00s_2023-10-14_06-19-32_ L2_-4.90.fits,10/14/2023 06:21:33,23.280000686645508,120,L2,2.3553374390204369,952,2816,2745.2667537057155,730.84891241620221,132,"Tot: 0.32 (0.74"")",0.25398144898100122,0.18755769347014725,0.31572846689256678,2.34392,0,0,18660,0,0,01/01/0001 00:00:00,
299,M 33 - Triangulum galaxy,1.56414,30.659941669444443,35,0199_120.00s_2023-10-14_06-21-33_ L2_-4.90.fits,10/14/2023 06:23:34,23.260000228881836,120,L2,2.3069055037719912,962,2816,2746.2285349665754,733.4014796062371,132,"Tot: 0.29 (0.67"")",0.218021436878981,0.18455744425265327,0.28564803021874091,2.34392,0,0,18660,0,0,01/01/0001 00:00:00,
300,M 33 - Triangulum galaxy,1.56414,30.659941669444443,35,0200_120.00s_2023-10-14_06-24-18_ L2_-5.30.fits,10/14/2023 06:26:19,23.239999771118164,120,L2,2.314670962338607,935,2820,2750.640415967755,743.3982361113774,132,"Tot: 0.46 (1.07"")",0.3112527436012501,0.33358869125100066,0.45624520307600053,2.34392,0,0,18660,0,0,01/01/0001 00:00:00,
